movie,solicitations
"men, women & children - 2014",What movie directed by Jason Reitman explores the impact of the internet on families and relationships?
"men, women & children - 2014",Can you name a film that deals with themes like video game culture and anorexia?
"men, women & children - 2014",Which movie shows the effects of the internet on high school teenagers and their parents?
eternal sunshine of the spotless mind - 2004,What movie features a man trying to erase memories of his ex-lover?
eternal sunshine of the spotless mind - 2004,Can you tell me a film directed by Michel Gondry?
eternal sunshine of the spotless mind - 2004,I'm looking for a movie where a character questions whether ignorance is bliss.
donnie darko - 2001,What's the mysterious film featuring a large bunny named Frank?
donnie darko - 2001,What's the movie where a troubled teenager deals with supernatural events and an invisible friend?
donnie darko - 2001,Can you name a psychological thriller about a young man who navigates complex relationships while experiencing strange occurrences?
the silence of the lambs - 1991,What movie features a psychological thriller involving an F.B.I. trainee investigating a cannibalistic serial killer?
the silence of the lambs - 1991,Which film includes a complex relationship between an F.B.I. trainee and an incarcerated psychiatrist?
the silence of the lambs - 1991,What's the movie where an F.B.I. trainee contacts a notorious serial killer to solve a murder case?
life is beautiful - 1997,Could you tell me the name of a film directed by someone known for comedy and set during World War II?
life is beautiful - 1997,What's the name of a movie where a father uses his imagination to protect his child in a concentration camp?
life is beautiful - 1997,I'm looking for an Italian movie that combines romance and historical drama; can you help?
watchmen - 2009,What movie features superheroes dealing with a murder mystery in an alternate 1985?
watchmen - 2009,What's a film about former masked heroes dealing with Cold War tensions and conspiracy theories?
watchmen - 2009,What's a movie where superheroes face moral and existential dilemmas amid a backdrop of political intrigue?
sidewalls - 2011,What romantic drama movie set in Buenos Aires features themes of modern urban alienation?
sidewalls - 2011,Can you name a film where two strangers find a connection despite living across the street from each other?
sidewalls - 2011,What's a movie directed by Gustavo Taretto?
it's kind of a funny story - 2010,What movie features a high-school junior dealing with mental health in a psychiatric ward?
it's kind of a funny story - 2010,Which film directed by Anna Boden and Ryan Fleck involves a character named Craig?
it's kind of a funny story - 2010,Can you name a movie that combines teen drama with a comedic element involving a hospital setting?
the truman show - 1998,What was the film directed by Peter Weir that explores themes of reality TV and an individual's quest for truth?
the truman show - 1998,Can you name a movie that features a protagonist living in a world controlled and manipulated by hidden cameras?
the truman show - 1998,"Which film tells the story of a man whose life is broadcast to the world without his knowledge, thanks to a television producer?"
submarine - 2010,Which movie is directed by Richard Ayoade and features a plot about school popularity struggles?
submarine - 2010,What's the movie where a young boy makes unusual plans to keep his parents' relationship intact and impress a girl?
submarine - 2010,Can you name a movie from the United Kingdom that involves a teenager's romantic and family challenges?
the name of the rose - 1986,Can you tell me the name of a mystery movie set in a 14th-century monastery?
the name of the rose - 1986,What's the title of a film directed by Jean-Jacques Annaud about a series of murders of monks?
the name of the rose - 1986,I'm looking for a film about a Franciscan monk who solves crimes using his intelligence. What's it called?
"it's not me, i swear! - 2008",What movie directed by Philippe Falardeau involves a boy with an overactive imagination?
"it's not me, i swear! - 2008",Which film features a storyline about a young boy dealing with family issues in the summer of '68?
"it's not me, i swear! - 2008",Can you name a movie that explores themes of childhood challenges and a boy's creative attempts to cope?
loser - 2000,"What film, directed by Amy Heckerling, involves a college student navigating life in New York City?"
loser - 2000,Can you name a movie where the main character might get labeled as a 'loser' by his peers?
loser - 2000,What is the title of the movie that mixes elements of a romantic drama with a young man studying hard to keep his scholarship?
zombieland - 2009,Which movie features a college student traveling through a zombie-infested America?
zombieland - 2009,Can you name a film directed by Ruben Fleischer that involves a quest for family?
zombieland - 2009,What movie involves characters avoiding zombies and trying to reach an attraction park in LA?
the wolf of wall street - 2013,Can you recommend a movie that explores the excesses of Wall Street culture?
the wolf of wall street - 2013,What's a film featuring a character known as 'The Wolf' for his exploits?
the wolf of wall street - 2013,I'm looking for a movie with a plot about a brokerage firm that grows rapidly and attracts FBI attention.
mr. nobody - 2009,What's a movie directed by Jaco Van Dormael?
mr. nobody - 2009,Can you name a film with a protagonist who has memories spanning different ages and timelines?
mr. nobody - 2009,What is a movie that features a complex and non-linear plot involving a character named 'Nemo'?
a beautiful mind - 2001,Which movie features a brilliant mathematician who overcomes personal struggles to win a Nobel Prize?
a beautiful mind - 2001,Can you name a movie directed by Ron Howard that involves complex emotional and intellectual themes?
a beautiful mind - 2001,What's a film that explores the life of a genius tackling mental health challenges amidst professional accolades?
inglourious basterds - 2009,What movie involves a group of Jewish-American guerrilla soldiers plotting against Nazis?
inglourious basterds - 2009,Which film has a premiere at a theater where a young Jewish refugee seeks revenge?
inglourious basterds - 2009,What is the film set in German-occupied France involving a Nazi officer named Colonel Hans Landa?
the young and prodigious t.s. spivet - 2013,Which movie did Jean-Pierre Jeunet direct that features a young prodigy as the main character?
the young and prodigious t.s. spivet - 2013,Can you tell me the name of the film where a kid travels alone across the U.S.A. after winning a prestigious science award?
the young and prodigious t.s. spivet - 2013,What's the movie that blends elements of family drama with scientific adventure and involves a perpetual motion machine?
the help - 2011,What movie explores the dynamics of race and social change in the American South during the 1960s?
the help - 2011,Can you name a film where the main character is a budding writer shaking up societal norms with personal interviews?
the help - 2011,Which movie directed by Tate Taylor deals with sensitive themes of race and gender roles?
lars and the real girl - 2007,What's a film with a unique take on a love story by Craig Gillespie?
lars and the real girl - 2007,Can you name a comedy with an unconventional romantic plot involving a doll?
lars and the real girl - 2007,Which movie involves a community rallying behind a man's relationship with a non-human companion?
psycho - 1960,What's a classic thriller directed by Alfred Hitchcock known for its unexpected plot twists?
psycho - 1960,Can you recommend a movie about a woman trying to escape her troubled life that takes a dark turn in a small motel?
psycho - 1960,What's a famous horror film that involves complex mother-son dynamics?
american psycho - 2000,Which movie dives deep into the psychology of vanity and sociopathy in the 1980s Wall Street scene?
american psycho - 2000,What's that film about a Wall Street executive hiding a dark secret?
american psycho - 2000,"Can you name a movie where the protagonist is both disgusted by others and himself, eventually leading to a violent descent?"
city island - 2009,What movie is directed by Raymond De Felitta featuring a family struggling with secrets?
city island - 2009,Can you name a film where a corrections officer aspires to be an actor?
city island - 2009,Which movie involves a family's lies being exposed by the arrival of a young ex-con?
the brand new testament - 2015,What's a film where God is portrayed in a human form living in Brussels?
the brand new testament - 2015,What's a movie where a daughter rewrites a 'new testament' with 6 messengers?
the brand new testament - 2015,Can you name a comedy that explores existential themes set in Belgium?
hidden figures - 2016,Can you tell me the name of a movie directed by Theodore Melfi involving space exploration?
hidden figures - 2016,What's the title of a movie about African-American women who made significant contributions to NASA during the Space Race?
hidden figures - 2016,Is there a film that highlights themes of breaking racial and gender barriers in the field of mathematics and space exploration?
captain fantastic - 2016,What film features characters living a survivalist lifestyle off the grid?
captain fantastic - 2016,Which movie involves a family grappling with grief and cultural conflicts after a key family member's death?
captain fantastic - 2016,Can you recommend a film directed by Matt Ross about a family attempting to live according to socialist ideals?
across the universe - 2007,What movie features a fictional love story set during the 1960s with music by the Beatles?
across the universe - 2007,Which movie set in the 1960s was directed by Julie Taymor?
across the universe - 2007,Could you name a film that combines live action and animation and features anti-war protests and rock and roll?
mustang - 2015,What film directed by Deniz Gamze Ergüven explores the themes of repression and sisterhood?
mustang - 2015,Can you name a movie where five sisters strive for freedom in a small village?
mustang - 2015,I'm looking for a film that portrays societal constraints in Turkey; any suggestions?
estômago - 2007,Can you name a movie directed by Marcos Jorge?
estômago - 2007,What's a movie about a chef who finds his way through cooking while dealing with life in prison?
estômago - 2007,Is there a film that combines elements of Brazilian and Italian culture in its storyline?
american beauty - 1999,Can you name a movie directed by Sam Mendes?
american beauty - 1999,What's a film that explores suburban life and family dynamics?
american beauty - 1999,Which movie features a character who is infatuated with a high school student?
get out - 2017,What is a horror movie directed by Jordan Peele?
get out - 2017,Which movie involves a weekend visit that uncovers unsettling truths about a family?
get out - 2017,Can you name a film that includes themes of interracial relationships within its plot?
american history x - 1998,What movie directed by Tony Kaye deals with themes of racism and redemption?
american history x - 1998,Which film features a former skinhead trying to prevent his brother from following in his footsteps?
american history x - 1998,Can you name a drama that explores the impact of a white supremacist gang through a family’s story?
city of god - 2002,What movie that explores gang life in Brazil in the 1960s and 1980s should I watch?
city of god - 2002,Can you recommend a film directed by Fernando Meirelles?
city of god - 2002,Which movie takes place in the City of God and involves a photographer caught in the chaos of gang wars?
elite squad - 2007,What's a movie directed by José Padilha that involves the police?
elite squad - 2007,Can you suggest a film set in Brazil that deals with drug dealers and the military?
elite squad - 2007,Which movie involves a character who must find a replacement due to a life-changing personal reason?
elite squad 2: the enemy within - 2010,Which Brazilian movie directed by José Padilha involves police corruption and crime in Rio?
elite squad 2: the enemy within - 2010,What's the name of the film featuring a lieutenant-colonel and a battle against a militia in Brazil?
elite squad 2: the enemy within - 2010,Can you tell me the sequel to a José Padilha movie that deals with the political misuse of police forces?
snowden - 2016,What movie explores the controversial actions of a former NSA contractor?
snowden - 2016,Can you name a film directed by Oliver Stone that involves espionage?
snowden - 2016,Which movie features a plot about leaking classified information to the public?
batman begins - 2005,What movie did Christopher Nolan direct that reveals the origin story of a famous DC superhero?
batman begins - 2005,What film features a billionaire who fights crime in Gotham City dressed as a bat?
batman begins - 2005,Which movie blends action and a dark narrative following a playboy billionaire trained to fight evil?
unbreakable - 2000,What thriller movie involves a train accident and the sole survivor discovering something extraordinary about himself?
unbreakable - 2000,What's the film featuring a character who learns he may have remarkable endurance and courage?
unbreakable - 2000,Can you name a movie in which a mysterious stranger explains the concept of being 'unbreakable' to the protagonist?
your name. - 2016,What's a movie by Makoto Shinkai that explores themes of dreams and identity?
your name. - 2016,Can you name a film where a high school girl feels disconnected from her hometown and dreams of living in a big city?
your name. - 2016,Which Japanese film features a unique connection between a boy in Tokyo and a girl in a rural town?
the sixth sense - 1999,Can you name a psychological thriller from the late 90s where a young boy communicates with the dead?
the sixth sense - 1999,What's a chilling film that blends supernatural elements with psychological depth?
the sixth sense - 1999,What's the title of the movie about a child psychologist who attempts to help a troubled boy in Philadelphia?
the way he looks - 2014,What is a Brazilian movie about a blind teenager experiencing new friendships and feelings?
the way he looks - 2014,Which movie directed by Daniel Ribeiro features a character named Leonardo?
the way he looks - 2014,Can you name a film where a student named Gabriel causes the protagonist to reconsider their plans?
one flew over the cuckoo's nest - 1975,What's a classic film directed by the same person who directed a movie about rebelling against an oppressive nurse?
one flew over the cuckoo's nest - 1975,Can you suggest a movie that highlights the theme of overcoming systemic power and authority?
one flew over the cuckoo's nest - 1975,Which film explores the experiences of a character who feigns insanity to escape prison labor?
the man from the future - 2011,What is a Brazilian sci-fi movie directed by Cláudio Torres?
the man from the future - 2011,Which movie features a scientist who travels back to 1991 to alter his future?
the man from the future - 2011,What's the film where a man tries to change his fate after a time travel accident?
the other boleyn girl - 2008,What is a film featuring two sisters competing for the love of King Henry VIII?
the other boleyn girl - 2008,What's the movie about Anne and Mary Boleyn's rivalry?
the other boleyn girl - 2008,Can you name a historical drama that involves romance and betrayal in the royal court of King Henry VIII?
the man who copied - 2003,What movie features a protagonist who works at a xerox place and starts photocopying money?
the man who copied - 2003,Can you name a Brazilian movie directed by Jorge Furtado?
the man who copied - 2003,What's the name of the movie where a man falls in love with his neighbor and starts following her around the city?
uncle frank - 2020,"What movie, directed by Alan Ball, features a college professor in 1970s New York?"
uncle frank - 2020,Can you name a movie about a young woman's transition from South Carolina to New York City?
uncle frank - 2020,Which film has a plot involving a close relationship between an 18-year-old girl and her thoughtful uncle who is also a professor?
jesus henry christ - 2011,What movie did Dennis Lee direct?
jesus henry christ - 2011,What movie is about a boy conceived in a petri-dish searching for his father?
jesus henry christ - 2011,Can you name a film that involves themes of psychology experiments and gender bias?
bo burnham: inside - 2021,Can you name a recent musical comedy special?
bo burnham: inside - 2021,What's the name of the film shot and performed by one person during a unique year?
bo burnham: inside - 2021,Do you know the latest project directed by Bo Burnham?
big hero 6 - 2014,What movie features a group of friends transforming into high-tech heroes?
big hero 6 - 2014,Can you name a film directed by Don Hall and Chris Williams?
big hero 6 - 2014,Which movie involves a city called San Fransokyo facing a devastating event?
zootopia - 2016,What animated movie features a city where various animal species coexist?
zootopia - 2016,Can you name a film where a rabbit joins the police force and must solve a mystery with a tricky fox?
zootopia - 2016,"Which movie was directed by the team of Byron Howard, Rich Moore, and Jared Bush?"
amélie - 2001,What film involves a young woman in Paris helping those around her while seeking her own happiness?
amélie - 2001,Can you name a movie directed by Jean-Pierre Jeunet?
amélie - 2001,"What movie combines elements of romance, quirkiness, and a search for personal fulfillment?"
thank you for smoking - 2005,What movie features a talented spokesperson who defends the cigarette industry even in tough situations?
thank you for smoking - 2005,Which film directed by Jason Reitman involves a lobbyist and his business trips?
thank you for smoking - 2005,Can you name a movie that portrays a character frequently meeting with friends from the alcohol and gun industries?
kiki's delivery service - 1989,What's a movie directed by the same person who created 'Spirited Away'?
kiki's delivery service - 1989,Can you name a film that features a young witch embarking on a journey of independence?
kiki's delivery service - 1989,Which film features an imaginative and determined protagonist alongside a talking cat in a European setting?
not a love story: making (500) days of summer - 2009,Which behind-the-scenes documentary dives into the production of a romantic comedy-drama released in 2009?
not a love story: making (500) days of summer - 2009,What is the documentary directed by Charles de Lauzirika that explores the making of a Marc Webb film?
not a love story: making (500) days of summer - 2009,Can you name a documentary that provides an inside look at a movie featuring themes of love and relationships without being a typical romance?
pride & prejudice - 2005,What is a movie directed by Joe Wright?
pride & prejudice - 2005,Which film features a plot about the lives of five sisters in Georgian England?
pride & prejudice - 2005,Can you name a period drama that is based on a novel by Jane Austen?
joker - 2019,What's the name of the movie directed by Todd Phillips about a clown with mental health issues?
joker - 2019,Can you tell me a film where the main character is an aspiring stand-up comic with uncontrollable laughter?
joker - 2019,Which movie explores a man's transformation into a notorious persona in a gritty urban setting?
inside out - 2015,What animated film explores the emotions inside a young girl's mind as she navigates a big move?
inside out - 2015,Can you name a movie where Pete Docter delves into the emotional challenges of growing up?
inside out - 2015,What film presents a creative narrative on emotions like joy and sadness working together to help a child through life changes?
begin again - 2013,What movie features a storyline where a woman's music career in New York City helps her heal after a breakup?
begin again - 2013,Can you name a film directed by John Carney that involves a transformative musical partnership?
begin again - 2013,Which movie involves a songwriter's encounter with a former record exec in the East Village?
12 years a slave - 2013,Can you name a film directed by Steve McQueen that explores difficult themes?
12 years a slave - 2013,Which movie depicts the struggles of a free black man who is captured and forced into slavery?
12 years a slave - 2013,What film might have a powerful narrative about survival and resilience based in the pre-Civil War United States?
juno - 2007,What is a movie directed by a filmmaker who also made 'Thank You for Smoking'?
juno - 2007,Can you recommend a teen comedy that deals with unexpected pregnancy?
juno - 2007,Which movie involves a high school junior navigating her life after a major surprise involving a friend?
little nicholas - 2009,What recent family comedy set in France involves a boy worried about getting a new sibling?
little nicholas - 2009,Can you name a movie where the main character is a young boy who fears his life will change when he overhears his parents talking?
little nicholas - 2009,Which film was directed by Laurent Tirard that focuses on a child's imaginative adventures when facing family changes?
v for vendetta - 2005,What movie features a freedom fighter challenging a totalitarian regime?
v for vendetta - 2005,Which film's plot revolves around a mysterious figure known only by a single letter?
v for vendetta - 2005,Can you name a movie directed by James McTeigue about a dystopian future?
saved! - 2004,What film directed by Brian Dannelly involves themes of religious satire and teenage pregnancy?
saved! - 2004,Which movie tells the story of a girl dealing with her boyfriend's coming out as gay and her unexpected pregnancy in a Christian high school?
saved! - 2004,Can you name a film where the plot revolves around a Christian band's dynamics and challenges faced by their leader at a suburban high school?
reflections of a blender - 2010,What's a movie directed by André Klotzel?
reflections of a blender - 2010,Can you recommend a film about a talking household appliance?
reflections of a blender - 2010,What's a Brazilian movie involving an unusual detective story?
never rarely sometimes always - 2020,What's a recent movie by Eliza Hittman?
never rarely sometimes always - 2020,Could you suggest a film that highlights the challenges faced by young women in rural America?
never rarely sometimes always - 2020,Do you know any films that explore deep female friendships during tough times?
don jon - 2013,What's the movie directed by Joseph Gordon-Levitt about a man redefining his understanding of relationships?
don jon - 2013,Which film explores themes of objectification and personal growth through the life of a man known for his romantic conquests?
don jon - 2013,"Can you name a movie that's a blend of comedy and romance, centered on a character who learns life lessons through interactions with different women?"
the suicide shop - 2012,What is a dark comedy movie with a unique twist on family business?
the suicide shop - 2012,Can you name a film directed by Patrice Leconte that deals with a morbid subject in an unconventional way?
the suicide shop - 2012,What movie features a setting where a joyful baby disrupts a shop known for selling grim products?
kingsman: the secret service - 2014,What's the film featuring a secret spy organization and a tech billionaire antagonist?
kingsman: the secret service - 2014,What's the movie about an ordinary young man recruited into a secret spy service?
kingsman: the secret service - 2014,Can you tell me a film involving a tech billionaire villain and a young recruit trained by a secret organization?
easy a - 2010,What film mirrors 'The Scarlet Letter' in a high school setting?
easy a - 2010,Can you name a movie directed by Will Gluck that deals with high school rumors?
easy a - 2010,What's a film where a teenager falsely claims to have lost her virginity?
the grand budapest hotel - 2014,What's a witty comedy set in a fictional European hotel?
the grand budapest hotel - 2014,Which film features a plot involving a famous concierge and a stolen painting?
the grand budapest hotel - 2014,Can you name a movie directed by Wes Anderson that's known for its unique visual style?
rushmore - 1998,What other movies has Wes Anderson directed?
rushmore - 1998,Can you recommend a movie with a unique love triangle plot?
rushmore - 1998,What film features a student deeply involved in extracurricular activities despite academic challenges?
the shawshank redemption - 1994,What movie explores the life of a wrongly convicted banker in prison?
the shawshank redemption - 1994,Can you tell me a film directed by Frank Darabont?
the shawshank redemption - 1994,Which movie features a wise inmate named Red as a prominent character?
django unchained - 2012,Which movie directed by Quentin Tarantino involves a plot around a bounty hunter and a slave during the 1850s?
django unchained - 2012,What movie features a storyline where a slave teams up with a bounty hunter to find his wife?
django unchained - 2012,Can you name a film that's categorized under Western and drama genres made by a famous director known for his distinctive style?
the double - 2013,What movie features a character named Simon who faces challenges with a lookalike co-worker named James?
the double - 2013,Can you name a film directed by Richard Ayoade that involves identity and duality?
the double - 2013,What's the title of a British movie that portrays a timid man's life being taken over by his charismatic double?
"angus, thongs and perfect snogging - 2008",Which movie directed by Gurinder Chadha features a character having a crush on someone from an organic groceries shop?
"angus, thongs and perfect snogging - 2008",What's a film that involves a fluffy cat maintaining its dignity amid a family in Eastbourne?
"angus, thongs and perfect snogging - 2008",Can you name a movie with a plot about a girl dealing with teenage drama and manipulative friendships?
little miss sunshine - 2006,What is a comedy-drama that involves a road trip with a dysfunctional family?
little miss sunshine - 2006,Which movie features a family traveling in a Volkswagen Kombi to a beauty pageant?
little miss sunshine - 2006,Name a film co-directed by Jonathan Dayton and Valerie Faris.
the rocky horror picture show - 1975,"Can you recommend a movie with an extravagant, transgressive plot?"
the rocky horror picture show - 1975,I'm looking for a film directed by Jim Sharman. Any suggestions?
the rocky horror picture show - 1975,What's a movie featuring a mad scientist and a unique lab creation?
how to train your dragon - 2010,What animated film did Dean DeBlois and Chris Sanders direct together?
how to train your dragon - 2010,Can you name a movie featuring a friendship between a young viking and a dragon?
how to train your dragon - 2010,Which film involves a young viking challenging his community's beliefs about dragons?
isn't it romantic - 2019,What new movie has a unique twist on romantic comedy tropes?
isn't it romantic - 2019,Which recent film was directed by Todd Strauss-Schulson?
isn't it romantic - 2019,Can you name a movie where the protagonist navigates a surreal romantic comedy world after an accident?
the skin i live in - 2011,What is a movie directed by Pedro Almodóvar that involves science and skin?
the skin i live in - 2011,Can you name a film where a scientist works on creating a resilient type of skin as a tribute?
the skin i live in - 2011,What's a movie that delves into a character's past related to a tragic car accident and scientific experiments?
father's chair - 2012,What is the movie about a Brazilian father searching for his missing son?
father's chair - 2012,What's a film directed by Luciano Moura?
father's chair - 2012,Can you suggest a family drama from Brazil that involves prioritizing work over loved ones?
silenced - 2011,What is a movie that deals with serious social issues in South Korea?
silenced - 2011,Which film explores the theme of corruption and child abuse within a school setting?
silenced - 2011,Can you name a movie directed by Hwang Dong-hyuk that is based on a true story?
50/50 - 2011,What is the movie that Jonathan Levine directed about a young man battling a rare cancer?
50/50 - 2011,Can you name a film where the main character is a radio writer diagnosed with spinal cancer?
50/50 - 2011,What's a drama-comedy film where the protagonist learns valuable life lessons with the help of his friend and a therapist?
boyhood - 2014,"What movie, directed by Richard Linklater, was filmed over 12 years with the same cast?"
boyhood - 2014,Which film uniquely captures the journey of growing up through real-time advancements in a character's age?
boyhood - 2014,Can you name a groundbreaking coming-of-age movie that includes music from Coldplay and Arcade Fire?
the shining - 1980,What's a horror movie directed by Stanley Kubrick?
the shining - 1980,Can you name a film where a writer and his family stay in a haunted hotel with a dangerous room?
the shining - 1980,What's a movie where a character named Danny has a psychic gift called 'the shining'?
fried green tomatoes - 1991,What is a movie directed by Jon Avnet?
fried green tomatoes - 1991,Can you name a film set in 1920's Alabama that explores themes of friendship and self-discovery?
fried green tomatoes - 1991,What movie involves a storyline of a woman learning to be assertive through tales from an elder in a nursing home?
thelma & louise - 1991,What movie features two women on a road trip that turns into a crime spree?
thelma & louise - 1991,Which Ridley Scott film delves into themes of friendship and female empowerment?
thelma & louise - 1991,Can you name a movie that explores the drastic choices people make when pushed to their limits on a journey?
we need to talk about kevin - 2011,What film by Lynne Ramsay deals with parental struggles?
we need to talk about kevin - 2011,Which movie involves a mother dealing with the aftermath of her son's actions?
we need to talk about kevin - 2011,Can you recommend a psychological drama that explores the complexities of motherhood?
into the wild - 2007,What's a movie directed by Sean Penn?
into the wild - 2007,Can you name a film about someone living in the Alaskan wilderness?
into the wild - 2007,Can you tell me a movie based on a true story of a graduate traveling across America?
the imitation game - 2014,Can you name a movie about a legendary cryptanalyst?
the imitation game - 2014,What movie features code-breakers during World War II?
the imitation game - 2014,Which film was directed by Morten Tyldum and involves a nail-biting race against time?
memento - 2000,Can you tell me a movie directed by Christopher Nolan that explores memory loss?
memento - 2000,What's a film that involves a nonlinear narrative revealing the plot both forward and backward?
memento - 2000,"I'm interested in a movie that tells the story of a man seeking his wife's murderer, any suggestions?"
inception - 2010,Can you tell me the name of the movie directed by Christopher Nolan that involves corporate espionage within dreams?
inception - 2010,What's that movie where they have to plant an idea instead of stealing one?
inception - 2010,I'm curious about a sci-fi thriller involving a skilled thief who operates within dreams. What's it called?
gone girl - 2014,What movie is a psychological thriller directed by the same person who did Fight Club?
gone girl - 2014,I'm curious about a film where a husband's life is turned upside down after his wife goes missing. What is it called?
gone girl - 2014,Which film involves a twisted narrative surrounding a seemingly perfect marriage in the United States?
fight club - 1999,What movie involves a secretive group where members fight each other and make soap?
fight club - 1999,Which film features a collaboration between a mentally unstable protagonist and a charismatic soap salesman?
fight club - 1999,What's a movie that explores themes of masculinity and identity through an underground fighting ring?
room - 2015,What's the movie about a mother and child confined in a small space?
room - 2015,Can you tell me the name of the movie directed by Lenny Abrahamson?
room - 2015,What's a movie where a young boy grows curious about his unusual living situation with his mom?
contact - 1997,What movie by Robert Zemeckis combines science fiction with the exploration of extraterrestrial life?
contact - 1997,Can you name a film about a determined female astronomer who receives messages from outer space?
contact - 1997,Which movie involves a theological author and a scientist clashing over the implications of a message from the stars?
trainspotting - 1996,What film takes viewers on a chaotic journey through the gritty underworld of Edinburgh?
trainspotting - 1996,Which movie directed by Danny Boyle explores the struggles of heroin addiction?
trainspotting - 1996,Can you name a film featuring a character trying to overcome his drug habit and its impact on his social connections?
the virgin suicides - 1999,What's a movie directed by Sofia Coppola featuring a suburban mystery plot?
the virgin suicides - 1999,Can you name a film about a group of mysterious sisters with a strict upbringing in 1970s Detroit?
the virgin suicides - 1999,"I'm curious about a movie where a teenage romance challenges household rules, any suggestions?"
charlie bartlett - 2007,What is the movie about a teenager becoming a school therapist?
charlie bartlett - 2007,What's the film called that involves a student running into trouble after selling prescription drugs at school?
charlie bartlett - 2007,Can you name a movie directed by Jon Poll that explores the life of a wealthy yet troubled teenager?
antonia's line - 1995,Can you suggest a movie where feminism is a central theme?
antonia's line - 1995,I'm curious about a film directed by Marleen Gorris. What's its name?
antonia's line - 1995,What's the name of the movie that features a matriarchal Dutch community?
in time - 2011,What movie explores a world where time is a currency and people stop aging at 25?
in time - 2011,Which film is directed by Andrew Niccol and is set in a society where the rich have endless youth?
in time - 2011,Can you name a movie where a man falsely accused of murder goes on the run in a dystopian setting?
persepolis - 2007,Can you suggest a movie directed by both Vincent Paronnaud and Marjane Satrapi?
persepolis - 2007,What's a movie where the plot involves a young woman facing prejudice both in her homeland and abroad?
persepolis - 2007,I'm curious about a film that explores the impact of the Iranian Revolution from the perspective of a young girl.
the color purple - 1985,What movie directed by Steven Spielberg depicts the struggles of an African American woman in the early 20th century?
the color purple - 1985,Which film featuring a young girl's journey starting at age 14 and spanning three decades is set in the United States?
the color purple - 1985,What dramatic historical movie by a renowned director features a storyline about resilience and overcoming hardships in the 1900s?
marighella - 2019,What Brazilian movie set in 1969 was directed by Wagner Moura?
marighella - 2019,Can you name a film about a revolutionary leader fighting against a military dictatorship in Brazil?
marighella - 2019,Which movie involves a character balancing revolution with the hope of reuniting with his son?
jojo rabbit - 2019,Can you name a comedy-drama that combines satire with a historical backdrop?
jojo rabbit - 2019,What's a film directed by the person who played an imaginary version of Hitler in a 2019 release?
jojo rabbit - 2019,Which movie involves a young boy finding out his mother is hiding someone during WWII?
kramer vs. kramer - 1979,Can you name a movie by Robert Benton about a family struggle?
kramer vs. kramer - 1979,What's a classic film that involves a courtroom battle over child custody?
kramer vs. kramer - 1979,Which movie features a career-focused man forced to adjust his priorities when his wife leaves him?
late night - 2019,What recent movie involves a legendary female talk-show host facing low ratings and a diversity issue?
late night - 2019,Can you name a comedy about a female TV host and her diverse new writer?
late night - 2019,What's a film featuring a female lead in the late-night TV industry facing a career crisis?
margarita with a straw - 2014,Can you name an Indian movie featuring a protagonist with cerebral palsy discovering her identity through romantic relationships?
margarita with a straw - 2014,"What's a film directed by Shonali Bose that explores themes of disability, love, and family in a coming-of-age story?"
margarita with a straw - 2014,Can you tell me the name of a movie where a young woman studying in New York navigates her sexuality and relationships amidst family challenges?
it - 2017,Can you name a horror movie where children team up to fight an evil entity in their town?
it - 2017,What's a film directed by Andy Muschietti that features a terrifying clown?
it - 2017,I heard there's a movie about kids in a small town battling a sinister force; do you know which one that is?
hereditary - 2018,What movie explores family trauma and supernatural elements?
hereditary - 2018,Which movie has a plot involving a family's disturbing experiences after the matriarch's death?
hereditary - 2018,Can you name a movie directed by Ari Aster featuring Toni Collette?
tattoo - 2013,What movie was directed by Hilton Lacerda?
tattoo - 2013,What movie depicts a romance between an 18-year-old soldier and a cultural ringleader during a military coup?
tattoo - 2013,Can you name a Brazilian film that explores generational conflicts from a marginal perspective?
a wolf at the door - 2013,What is a Brazilian movie involving a complex kidnapping plot?
a wolf at the door - 2013,Which movie explores dark aspects of betrayal and deceit among three characters?
a wolf at the door - 2013,Name a film directed by Fernando Coimbra focusing on a child's abduction.
bicho de sete cabeças - 2000,Which movie explores the harsh realities of mental institutions in Brazil?
bicho de sete cabeças - 2000,Can you name a movie directed by Laís Bodanzky about a teenager's journey through a corrupt mental health system?
bicho de sete cabeças - 2000,What's the film where a teenager's life changes after an encounter with marijuana and a mental institution?
erin brockovich - 2000,What is a compelling film about a legal fight against environmental pollution?
erin brockovich - 2000,Which movie features a determined woman unraveling a corporate cover-up?
erin brockovich - 2000,Can you name a film directed by Steven Soderbergh that involves a lawsuit?
malignant - 2021,What movie features a protagonist experiencing visions of murder that connect to her past?
malignant - 2021,Can you name a recent horror film directed by the creator of 'The Conjuring' series?
malignant - 2021,What film involves a mysterious connection between a past hospital incident and present-day murders?
zack snyder's justice league - 2021,Can you name a film where a group of superheroes team up to fight an imminent global threat?
zack snyder's justice league - 2021,What movie features Bruce Wayne and Diana Prince recruiting metahumans?
zack snyder's justice league - 2021,Which recent Zack Snyder-directed film involves a battle against Steppenwolf and his forces?
good bye lenin! - 2003,What movie features a plot where someone goes to great lengths to recreate the past for a loved one?
good bye lenin! - 2003,Can you name a film directed by Wolfgang Becker that touches on Germany's reunification?
good bye lenin! - 2003,Looking for a film set in East Germany that involves a family dealing with historical changes. Any suggestions?
elephant - 2003,What's a movie that depicts a regular school day but with an unexpected event?
elephant - 2003,Can you name a film directed by Gus Van Sant that takes place in a high school?
elephant - 2003,"What's a drama focusing on the daily lives of teenagers, directed by an American filmmaker?"
in therapy - 2009,Which movie directed by José Alvarenga Jr. revolves around a woman named Mercedes and her experiences with her psychoanalyst?
in therapy - 2009,In which film does a woman navigate her life changes during three years of psychoanalysis?
in therapy - 2009,Can you name a Brazilian movie that explores themes of psychological introspection and personal transformation?
escape room - 2019,What movie involves strangers playing a life-threatening escape game?
escape room - 2019,Which film's plot includes participants receiving mysterious black boxes?
escape room - 2019,Can you name a movie directed by Adam Robitel that involves escape rooms?
the exorcist - 1973,What horror film involves a demonic possession that profoundly affects a family?
the exorcist - 1973,Can you name the movie in which a priest struggles with his faith amidst a supernatural crisis?
the exorcist - 1973,"What's a film set in Washington, D.C., about a young girl's terrifying transformation?"
swallow - 2019,What's a recent movie directed by Carlo Mirabella-Davis?
swallow - 2019,Can you name a movie about a character dealing with a compulsive eating disorder?
swallow - 2019,"I'm looking for a drama that touches on themes of domestic struggle and conformity, what should I watch?"
carta para além dos muros - 2019,What is a Brazilian documentary about the history of the AIDS epidemic?
carta para além dos muros - 2019,Which movie documents the AIDS crisis through interviews with specialists and activists?
carta para além dos muros - 2019,What film did André Canto direct that covers a significant health crisis in Brazil?
host - 2020,What is a British horror movie involving a seance gone wrong during a video call?
host - 2020,Which film tells the story of friends facing an evil spirit during a lockdown Zoom session?
host - 2020,What's a movie about a virtual medium session that turns into a night of terror?
the woman - 2011,What movie was directed by Lucky McKee?
the woman - 2011,Which film features a plot involving a woman raised by wolves and captured by a misogynistic lawyer?
the woman - 2011,Can you name a horror film that explores themes of male supremacy and retaliation against it?
batman v superman: dawn of justice - 2016,What movie involves a conflict between two iconic superheroes amidst public concern?
batman v superman: dawn of justice - 2016,Can you name a film directed by Zack Snyder that features both Batman and Superman?
batman v superman: dawn of justice - 2016,In which movie does Lex Luthor attempt to manipulate situations against the Man of Steel?
searching - 2018,Which movie involves a father searching his daughter's digital footprints to find her?
searching - 2018,What film was directed by Aneesh Chaganty and involves a local investigation?
searching - 2018,Can you name a thriller that takes place across technology devices and deals with a missing person case?
the batman - 2022,Which film directed by Matt Reeves involves a serial killer targeting political figures?
the batman - 2022,What's the movie where a superhero investigates corruption in Gotham?
the batman - 2022,Name a recent movie set in the United States featuring political intrigue and a masked detective.
"basic sanitation, the movie - 2007",What movie involves a small community in Brazil attempting to solve sanitation issues?
"basic sanitation, the movie - 2007",Which film is directed by Jorge Furtado?
"basic sanitation, the movie - 2007",Can you name a movie that deals with environmental issues in a comedic yet thought-provoking way?
legally blonde - 2001,What film did Robert Luketic direct that involves a journey to Harvard Law School?
legally blonde - 2001,Can you name a movie where a sorority president follows her boyfriend to law school?
legally blonde - 2001,Which movie features a protagonist who challenges stereotypes about blondes while at Harvard?
scream - 1996,What horror film by Wes Craven revolves around mysterious phone calls?
scream - 1996,Can you name a movie where a serial killer quizzes victims about their favorite scary movie?
scream - 1996,Which film takes place in Woodsboro and involves a ghostly masked murderer?
mary shelley - 2017,What movie is directed by Haifaa al-Mansour?
mary shelley - 2017,Which film involves a character writing a novel about resurrecting the dead?
mary shelley - 2017,I'm looking for a movie that explores a historical romance in the early 1800s. What would you recommend?
villains - 2019,What movie directed by Dan Berk and Robert Olsen involves amateur criminals?
villains - 2019,Which film features amateur criminals discovering a dark secret that the homeowners want to keep hidden?
villains - 2019,Can you name a Canadian movie with a dark and mysterious plot involving a suburban home?
scream 2 - 1997,What is the sequel to a movie with a college setting and a masked killer on the loose?
scream 2 - 1997,What's the movie following up on a slasher film about college students?
scream 2 - 1997,Can you name a thriller that follows characters Sidney and Randy dealing with a new series of murders?
scream 3 - 2000,What's the movie about a deadly film production that draws in a reporter and an ex-cop?
scream 3 - 2000,What's the movie where a killer disrupts a film production and anything can happen in the trilogy?
scream 3 - 2000,Can you name a horror movie that involves a new film being made and a trilogy theme?
rosemary's baby - 1968,Can you name a classic horror movie directed by Roman Polanski?
rosemary's baby - 1968,What film involves a young couple moving into a New York building with a sinister past?
rosemary's baby - 1968,What's a movie about a pregnant woman who becomes suspicious of a conspiracy involving her husband and neighbors?
bingo: the king of the mornings - 2017,What film explores the struggles of an actor behind a clown persona?
bingo: the king of the mornings - 2017,Which movie directed by Daniel Rezende highlights the conflict between personal ambition and family relationships?
bingo: the king of the mornings - 2017,What is a film based on a true story that reflects the chaotic world of Brazilian television in the 1980s?
fargo - 1996,What film features a botched kidnapping and a pregnant sheriff trying to solve multiple murders?
fargo - 1996,Which movie directed by the Coen brothers revolves around a car dealership and financial troubles?
fargo - 1996,"Can you tell me a film that combines crime, drama, and dark comedy set in the United States and the United Kingdom?"
incident in a ghostland - 2018,What's a horror movie directed by Pascal Laugier?
incident in a ghostland - 2018,Can you name a film where a family inherits a house only for horrific events to unfold?
incident in a ghostland - 2018,What's a movie that explores sibling trauma and their diverging paths after a violent incident?
ron's gone wrong - 2021,What movie features a socially awkward middle-schooler and his malfunctioning robot?
ron's gone wrong - 2021,Can you name a film directed by Sarah Smith that involves a digital device and friendship?
ron's gone wrong - 2021,I'm curious about an animated movie involving social media and an action-packed adventure. What is it?
sound of metal - 2019,Can you name a movie directed by Darius Marder featuring a musician?
sound of metal - 2019,What film explores a musician's journey into a deaf community?
sound of metal - 2019,What's a movie about a metal drummer who has to come to terms with his hearing loss?
30 minutes or less - 2011,Which movie features a pizza delivery boy forced into a bank heist?
30 minutes or less - 2011,What's a film directed by Ruben Fleischer that involves an explosive plot?
30 minutes or less - 2011,Can you name a comedy where two friends plan to open a massage parlor with rather unconventional methods?
the art of self-defense - 2019,What's a movie that explores themes of self-discovery and masculinity through martial arts?
the art of self-defense - 2019,Can you name a film directed by Riley Stearns that involves a character transforming after joining a karate class?
the art of self-defense - 2019,Which movie features a plot about an accountant joining a karate dojo to boost his confidence after being attacked?
misery - 1990,What movie features a novelist trapped by a fan in a snowy setting?
misery - 1990,Which movie did Rob Reiner direct about a writer's harrowing experience with an obsessive fan?
misery - 1990,Can you name a psychological thriller involving a terrifying encounter with a fan?
scent of a woman - 1992,What movie features a blind retired military officer as a main character?
scent of a woman - 1992,Can you name a film directed by Martin Brest that involves a trip to New York?
scent of a woman - 1992,Which movie involves a student earning money over Thanksgiving by taking care of someone?
"legally blonde 2: red, white & blonde - 2003","What's that film about a passionate advocate for animal rights in Washington, D.C.?"
"legally blonde 2: red, white & blonde - 2003",Can you name a movie where the protagonist puts her wedding plans on hold to focus on activism?
"legally blonde 2: red, white & blonde - 2003",What's a film that mixes comedy with themes of political advocacy and has something to do with a determined female lawyer?
the way way back - 2013,What film did Nat Faxon and Jim Rash direct together?
the way way back - 2013,Can you name a movie where a shy kid finds confidence working at a water park?
the way way back - 2013,Which movie features a storyline about a teenage boy growing during a summer vacation at a beach house?
the tale - 2018,What film examines the complexities of memory and past relationships through the lens of a woman's coming-of-age tale?
the tale - 2018,Can you tell me the movie directed by Jennifer Fox that involves a profound re-examination of a past relationship?
the tale - 2018,Which movie combines an introspective narrative with the exploration of a woman's childhood summer experiences?
my left foot - 1989,Which film features a protagonist who overcomes cerebral palsy to become an artist?
my left foot - 1989,Can you suggest a movie directed by Jim Sheridan?
my left foot - 1989,What movie tells the story of a gifted individual navigating life with a disability in an Irish setting?
everything everywhere all at once - 2022,What film features a middle-aged immigrant discovering multiple universes?
everything everywhere all at once - 2022,Which movie was directed by the duo known for their unique storytelling style?
everything everywhere all at once - 2022,Can you name a movie that combines action and sci-fi elements with a focus on existential themes?
maids - 2001,What is a Brazilian film that gives an episodic depiction of the lives of maids in São Paulo?
maids - 2001,Can you name a movie that explores the personal longings and challenges of five female protagonists in a big city?
maids - 2001,What movie did Fernando Meirelles and Nando Olival collaborate on as directors that explores social and personal themes?
the orphanage - 2007,What film involves a woman returning to her childhood home that once served as an orphanage?
the orphanage - 2007,Which movie is directed by J.A. Bayona and has elements of supernatural mystery?
the orphanage - 2007,In which film does a woman encounter mysterious occurrences while her adopted son vanishes in their home?
perfect blue - 1997,What is a famous psychological thriller anime movie directed by Satoshi Kon?
perfect blue - 1997,Can you name a Japanese film that explores themes of identity and fame involving a former pop idol?
perfect blue - 1997,I'm curious about a movie where an idol-turned-actress faces a psychological breakdown. What is it called?
durval discos - 2002,What Brazilian film features a plot centered around a record store and a mysterious child?
durval discos - 2002,Which movie directed by Anna Muylaert involves a story about a 5-year-old child left behind?
durval discos - 2002,Can you name a film set in São Paulo that explores changes in a monotonous life due to unexpected events?
the black phone - 2021,What is the name of the horror movie directed by Scott Derrickson?
the black phone - 2021,Which film involves a boy who can communicate with the dead through a disconnected phone?
the black phone - 2021,Can you tell me the title of the movie where a 13-year-old boy must outsmart a sadistic abductor?
chicago - 2002,Which musical film directed by Rob Marshall involves crime and jazz in 1920s America?
chicago - 2002,Can you name the movie where two women on death row compete for fame to escape execution?
chicago - 2002,What's a film adaptation featuring a singer who kills her husband and sister?
beyond the infinite two minutes - 2020,What's a movie directed by Yamaguchi that involves time?
beyond the infinite two minutes - 2020,Can you name a film where a cafe owner receives messages from himself?
beyond the infinite two minutes - 2020,Which Japanese movie explores a cafe screen that shows the future and involves gangsters?
hedwig and the angry inch - 2001,What movie features a gender-queer punk-rock singer traveling the U.S.?
hedwig and the angry inch - 2001,Can you name a film directed by John Cameron Mitchell?
hedwig and the angry inch - 2001,Which film tells a story about following a former lover who stole songs?
promising young woman - 2020,What is a new movie directed by Emerald Fennell?
promising young woman - 2020,Which movie involves a character who seeks revenge by confronting predators in bars and clubs?
promising young woman - 2020,What is the movie where the main character is a medical school dropout dealing with a traumatic past?
man on the moon - 1999,What film directed by Milos Forman explores the life of a controversial comedian?
man on the moon - 1999,Can you name a movie where the main character famously engages in intergender wrestling?
man on the moon - 1999,Which film features a wrestling feud with Jerry Lawler and a comedian?
the lodge - 2019,What is a new horror movie about a soon-to-be-stepmom trapped in a snowed-in lodge?
the lodge - 2019,Which movie is directed by Severin Fiala and Veronika Franz?
the lodge - 2019,I'm looking for a thriller involving psychological themes linked to religious upbringing. What's a recent release fitting that description?
candyman - 2021,What horror movie directed by Nia DaCosta explores themes of gentrification and urban legends?
candyman - 2021,Which film involves an artist encountering a terrifying legend after moving to a gentrified area?
candyman - 2021,Can you name a movie that involves a disturbing story discovered during an artist's chance encounter with an old-timer?
don't call me son - 2016,What film directed by Anna Muylaert involves a dramatic change for a teenager after a family secret is uncovered?
don't call me son - 2016,"Can you name a Brazilian movie where a teenager juggles puberty, music, and a significant identity revelation?"
don't call me son - 2016,What's the movie where a teenager secretly explores gender identity while facing a profound family discovery?
get duked! - 2019,What's a movie directed by Ninian Doff that involves a survival trek?
get duked! - 2019,Can you recommend a comedy-thriller involving teenagers in the UK?
get duked! - 2019,Is there a film where wealthy aristocrats hunt teenagers in the highlands?
the year my parents went on vacation - 2006,Can you tell me the name of a movie set around the 1970 World Cup in Brazil?
the year my parents went on vacation - 2006,What is the film directed by Cao Hamburger that features a boy dealing with his parents' sudden departure?
the year my parents went on vacation - 2006,Do you know the movie where a ten-year-old is left alone in a Jewish neighborhood in São Paulo?
wild tales - 2014,What movie features a series of stories blending dark comedy and revenge?
wild tales - 2014,Which film directed by Damián Szifron received praise for its portrayal of human behavior in extreme situations?
wild tales - 2014,Can you name a movie where characters find unexpected connections on a plane?
lisbela and the prisoner - 2003,What's a Brazilian movie directed by Guel Arraes?
lisbela and the prisoner - 2003,Which movie features a con man falling for a woman engaged to someone else?
lisbela and the prisoner - 2003,Can you name a film where a character is pursued by a hitman after having an affair with his wife?
pixote - 1980,What is a movie with a young boy facing harsh realities in Brazil?
pixote - 1980,"Which film, directed by Hector Babenco, features the struggles of street kids?"
pixote - 1980,Can you name a movie with a dark and gritty plot involving youth detention centers?
queen & slim - 2019,What film explores the consequences of a tragic encounter during a first date?
queen & slim - 2019,Can you recommend a movie directed by a female filmmaker that tackles themes of injustice and identity?
queen & slim - 2019,Which movie depicts a couple on the run after a life-altering traffic stop?
october sky - 1999,What movie was directed by Joe Johnston and involves a young boy's fascination with rockets?
october sky - 1999,Can you name a movie where a kid's ambition to build rockets changes his future in a 1950s mining town?
october sky - 1999,Is there a film about a group of friends in the 1950s whose passion for science is sparked by the launch of Sputnik?
"three billboards outside ebbing, missouri - 2017",What is a recent darkly comic drama directed by Martin McDonagh?
"three billboards outside ebbing, missouri - 2017",Can you tell me the name of a movie involving a mother seeking justice through a provocative act involving billboards?
"three billboards outside ebbing, missouri - 2017",What's the name of the film where Frances McDormand plays a character clashing with the police chief in a small town setting?
barbarian - 2022,What is a thriller that involves an Airbnb with dark secrets?
barbarian - 2022,Can you name a horror film directed by Zach Cregger?
barbarian - 2022,Is there a suspenseful movie that plays with the idea of trust in unexpected places?
embrace of the serpent - 2015,What's a movie directed by Ciro Guerra that explores indigenous cultures in the Amazon?
embrace of the serpent - 2015,Can you name a film where two scientists search the Amazon over several decades for a sacred plant?
embrace of the serpent - 2015,What's a movie that tells the story of an Amazonian shaman who's the last of his people?
the menu - 2022,What recent movie involves a shocking dining experience on a remote island?
the menu - 2022,Which film directed by Mark Mylod features a luxurious yet unsettling dinner?
the menu - 2022,Can you name a movie where a young couple's visit to an exclusive restaurant takes an unexpected turn?
the spectacular now - 2013,What's a movie directed by James Ponsoldt?
the spectacular now - 2013,Can you name a film about a high school senior who lives in the moment and gets tangled up with a 'nice girl'?
the spectacular now - 2013,I'm looking for a movie that explores teenage life and relationships with a hint of coming-of-age drama. Any recommendations?
starship troopers - 1997,What is a movie directed by Paul Verhoeven involving an intergalactic conflict?
starship troopers - 1997,Can you name a film where humans battle alien insects to secure their safety?
starship troopers - 1997,What's a sci-fi movie from the United States with a military theme involving high school kids in the future?
dolores claiborne - 1995,What movie was directed by Taylor Hackford that involves a journalist returning to her hometown?
dolores claiborne - 1995,Which film features a complex relationship between a mother and daughter amid a murder investigation?
dolores claiborne - 1995,Can you name the movie set on a small island in Maine about uncovering buried family secrets?
irreversible - 2002,What film directed by Gaspar Noé involves a plot about seeking justice for a horrific event?
irreversible - 2002,Can you name a French movie that created controversy at the Cannes Film Festival in 2002?
irreversible - 2002,Which movie features a narrative that was originally presented in reverse order but has a version with chronological storytelling?
natural born killers - 1994,What's a film about a controversial couple that turns into media sensation during their killing spree?
natural born killers - 1994,Can you name another film directed by Oliver Stone?
natural born killers - 1994,What movie involves a road trip spurred by violence and characterized by stylized storytelling?
almost famous - 2000,What movie features a teenage aspiring rock journalist embarking on a life-changing tour with a band?
almost famous - 2000,Can you name a film directed by Cameron Crowe that captures the essence of the early 1970s rock scene?
almost famous - 2000,Which movie explores the backstage dynamics of a fictional band called Stillwater?
"ó pai, ó: look at this - 2007",Which recent films directed by Monique Gardenberg capture the vibrancy of Brazilian culture?
"ó pai, ó: look at this - 2007",Can you suggest a movie that explores the lives of people during Carnival in Brazil with a touch of humor and music?
"ó pai, ó: look at this - 2007","I'm curious about films that involve characters living in a tenement house in Salvador, Bahia; can you recommend one that mixes creativity and irony?"
a fish called wanda - 1988,"What film involves a diamond heist planned by a seductive woman, her lover, and her associates in London?"
a fish called wanda - 1988,"Which movie features a unique blend of comedy and crime directed by Charles Crichton, with John Cleese as a co-director?"
a fish called wanda - 1988,Can you tell me the title of the film where a character uses speaking Italian as a tool of seduction amidst a plot filled with double-crosses?
the hunt - 2020,Can you tell me the name of a movie directed by Craig Zobel?
the hunt - 2020,What is a recent film involving a dark internet conspiracy theory?
the hunt - 2020,Which movie features a plot about elitists hunting humans for sport?
bodies bodies bodies - 2022,What is a movie where a hurricane party turns dangerous?
bodies bodies bodies - 2022,Can you name a film directed by Halina Reijn?
bodies bodies bodies - 2022,Which movie involves a deadly game among wealthy young adults?
dial m for murder - 1954,What's a classic thriller directed by Alfred Hitchcock?
dial m for murder - 1954,What's a film about a murder plot involving a love affair?
dial m for murder - 1954,Can you name a movie where a retired tennis player plans the perfect crime?
a dog's will - 2000,What is a Brazilian film directed by Guel Arraes?
a dog's will - 2000,Can you name a movie where two poor clever characters trick people to survive?
a dog's will - 2000,Which movie involves characters that encounter an outlaw after meeting a wealthy woman?
scream vi - 2023,What film has a plot involving survivors of a killer following them to New York City?
scream vi - 2023,Which movie did Matt Bettinelli-Olpin and Tyler Gillett direct together in 2023?
scream vi - 2023,Can you name a horror film that involves elements of a slasher genre released recently?
under the shadow - 2016,What's a horror movie set during the Iran-Iraq war?
under the shadow - 2016,Can you name a film directed by Babak Anvari?
under the shadow - 2016,What's the film where a mother and daughter stay in an apartment during air raids in the 80s?
soft & quiet - 2022,Can you tell me a thriller that unfolds in real time?
soft & quiet - 2022,What movie involves a teacher organizing a mixer that leads to unexpected confrontations?
soft & quiet - 2022,Which film is directed by Beth de Araújo?
emergency - 2022,What movie features college students hesitant to call the police during a wild night?
emergency - 2022,Which film directed by Carey Williams explores a tense situation faced by three students?
emergency - 2022,Can you name a thriller involving a dilemma during a night of partying?
vacancy - 2007,What is a movie where guests are filmed for slasher films by hidden cameras at a motel?
vacancy - 2007,Could you tell me which movie involves a couple trying to escape after discovering they are being filmed for a mysterious filmmaker's next cult classic?
vacancy - 2007,Name a film directed by Nimród Antal that involves a plot around being trapped in a motel.
the people under the stairs - 1991,What's the name of a movie directed by the person who also directed A Nightmare on Elm Street?
the people under the stairs - 1991,Can you identify a film where a boy gets trapped in a house and uncovers hidden 'children' beneath the staircase?
the people under the stairs - 1991,Which movie has a mix of horror and social commentary about landlords and their tenants?
climax - 2018,What film by Gaspar Noé involves urban dancers and a mysterious madness?
climax - 2018,Can you name a movie where a dance rehearsal turns into chaos due to drugging?
climax - 2018,What's a film set in the 1990s featuring French dancers and directed by Gaspar Noé?
elena - 2012,What is a movie directed by Petra Costa that intertwines personal history with artistic aspiration?
elena - 2012,"Can you name a film where the plot involves a journey to New York in pursuit of an acting dream, connecting two sisters across time?"
elena - 2012,What film delves into themes of searching for a lost sibling and dealing with past political trauma?
o homem que virou suco - 1980,What movie features a plot about mistaken identity involving a folk poet in São Paulo?
o homem que virou suco - 1980,Can you name a Brazilian film directed by João Batista de Andrade?
o homem que virou suco - 1980,Which movie involves a police mix-up with a singer and a crime in Brazil?
mafia mamma - 2023,What's that film where an American mom takes over a mafia empire in Italy?
mafia mamma - 2023,Can you name a movie directed by Catherine Hardwicke featuring a humorous mafia storyline?
mafia mamma - 2023,Is there a film that blends comedy with a mafia plot involving an unexpected leader?
dracula - 1992,What is a movie from the 90s that explores themes of horror and the supernatural?
dracula - 1992,Can you suggest a movie that involves a battle against a charismatic antagonist from folklore?
dracula - 1992,"Which film showcases the directorial style of a well-known American filmmaker, while also adapting a classic literary work?"
the devil all the time - 2020,What film has Antonio Campos directed?
the devil all the time - 2020,"Can you name a movie that's set in rural Southern Ohio and West Virginia, following the lives of bizarre characters?"
the devil all the time - 2020,What movie involves a husband-and-wife team of serial killers who troll America's highways?
tear along the dotted line - 2021,What is the name of the Italian movie featuring a cartoonist on a reflective journey with an unusual talking animal?
tear along the dotted line - 2021,Can you tell me a movie where friends travel outside Rome and one has an armadillo companion?
tear along the dotted line - 2021,Which movie has a unique storyline involving an artist contemplating life in Italy?
cha cha real smooth - 2022,What's a movie that's about a guy forming an unexpected friendship while working as an event host?
cha cha real smooth - 2022,Can you tell me the name of a film directed by Cooper Raiff?
cha cha real smooth - 2022,"I'm looking for a movie from the United States with themes involving a mother, her autistic daughter, and a young party host."
sorry to bother you - 2018,What's a film about a telemarketer's ethical dilemmas with a surreal twist?
sorry to bother you - 2018,Can you name a movie directed by Boots Riley?
sorry to bother you - 2018,Which movie features a plot with a blend of socioeconomic commentary and dystopian elements?
the handmaiden - 2016,"What movie involves a pickpocket, a swindler, and unexpected emotions during the 1930s in Korea?"
the handmaiden - 2016,Can you name a film directed by Park Chan-wook?
the handmaiden - 2016,Is there a movie set in 1930s Korea that explores themes of trickery and romance?
the golden dream - 2013,What is a movie directed by Diego Quemada-Díez?
the golden dream - 2013,Can you name a film that follows teenagers from Guatemala on a journey to the United States?
the golden dream - 2013,What movie involves characters traveling on freight trains in search of a better life?
this world can't tear me down - 2023,What's a recent Italian movie about helping an old friend reintegrate into a community?
this world can't tear me down - 2023,Can you name a film where the director is not mentioned but involves themes of friendship and societal reintegration?
this world can't tear me down - 2023,What's a movie that looks into the complexities of friendship when an old friend comes back into town?
mad max: fury road - 2015,What is a movie directed by the creator of Babe: Pig in the City?
mad max: fury road - 2015,What is a film about survival in a post-apocalyptic desert?
mad max: fury road - 2015,Can you name a movie that depicts a harsh world where rebels fight for survival?
maria full of grace - 2004,Can you suggest a gripping drama about a young woman's struggle navigating difficult choices in life?
maria full of grace - 2004,What's a movie that creatively explores themes of desperation and hope through intense storytelling?
maria full of grace - 2004,Which film directed by Joshua Marston is set in South America and involves intense personal challenges?
afflicted - 2013,What is a movie directed by Derek Lee and Clif Prowse?
afflicted - 2013,Can you name a film where best friends face a mysterious affliction during a trip?
afflicted - 2013,What is a film that combines travel adventure in Europe with a dark twist?
the father - 2020,What's a 2020 film that deals with the challenges of dementia?
the father - 2020,Which recent movie did Florian Zeller direct that involves a man struggling with his perception of reality?
the father - 2020,Can you name a film known for showcasing a deeply emotional story about an elderly person's mental decline?
when harry met sally... - 1989,What movie explores the theme of friendship between a man and a woman and whether it can remain platonic?
when harry met sally... - 1989,"If I loved the directorial style of a film by Rob Reiner, what should I watch?"
when harry met sally... - 1989,What film involves repeated chance encounters between two characters seeking love in New York?
barbie - 2023,What movie features Greta Gerwig as the director in a fantastical narrative?
barbie - 2023,Can you name a film that showcases the adventures of iconic dolls in a perfect world and the challenges they face outside?
barbie - 2023,"What's a recent movie that blends themes of fantasy and exploration, led by a female director?"
rrr - 2022,What Indian movie directed by S.S. Rajamouli involves a clash between an Indian cop and a tribal leader?
rrr - 2022,Which film features a small tribal girl being taken by a British governor during the colonial period in India?
rrr - 2022,Can you name the movie set in the British era involving a friendship formed during a rescue on a lake?
the departed - 2006,What crime-action film features an undercover cop infiltrating the mob and a mole in the police?
the departed - 2006,Which movie directed by Martin Scorsese explores the dangerous double lives of an undercover cop and a mob informer?
the departed - 2006,Can you name a film where the South Boston State Police wage war on Irish-American organized crime?
but i'm a cheerleader - 1999,What's a movie directed by Jamie Babbit?
but i'm a cheerleader - 1999,Can you name a film that involves a camp intended to change a character's sexual orientation?
but i'm a cheerleader - 1999,I heard about a comedy that explores themes of sexuality and personal identity in a satirical manner. What is it?
train to busan - 2016,What's a well-known South Korean zombie movie?
train to busan - 2016,Can you name a film where people are trapped on a train during a zombie apocalypse?
train to busan - 2016,Which film was directed by Yeon Sang-ho involving a journey from Seoul to Busan?
amores perros - 2000,What film involves three intertwined stories affected by a car accident in Mexico City?
amores perros - 2000,Can you name a film directed by Alejandro G. Iñárritu?
amores perros - 2000,Which movie features a rebellious adolescent involved in dog fighting and a supermodel losing her dog?
my life without me - 2003,Could you suggest a movie by Isabel Coixet?
my life without me - 2003,What movie follows the story of a woman who keeps her terminal illness a secret?
my life without me - 2003,Name a drama film that is set in Canada.
bille - 2018,What's a movie about a child's perspective in Latvia in the late 1930s?
bille - 2018,Which film was directed by Ināra Kolmane?
bille - 2018,Can you name a movie that's a mix of hope and solemnity in its storytelling?
the hidden tiger - 2016,"What movie directed by Affonso Uchoa explores the lives of young dwellers in the suburbs of Contagem, Brazil?"
the hidden tiger - 2016,Which film follows the struggle of five young men trying to overcome their inner challenges and temptations?
the hidden tiger - 2016,"What movie blends crime, hope, work, and fun in a Brazilian suburban setting?"
babysitter - 2022,What’s that new movie with a plot involving someone losing his job due to a sexist joke?
babysitter - 2022,Can you tell me the latest film directed by Monia Chokri?
babysitter - 2022,What’s the movie about a therapeutic journey from sexism and misogyny?
aftersun - 2022,What is a movie where a father and daughter reflect on past holidays?
aftersun - 2022,Which film did Charlotte Wells direct that involves family memories?
aftersun - 2022,Can you name a drama that explores the relationship between a father and his daughter?
just mercy - 2019,What is a 2019 movie that involves a young lawyer battling for justice in Alabama?
just mercy - 2019,Can you name a film directed by Destin Daniel Cretton that tackles themes of legal injustice?
just mercy - 2019,I'm looking for a movie where a Harvard graduate chooses to defend the wrongly condemned over lucrative job opportunities.
enter the void - 2009,What film delves into the chaotic nightlife of Tokyo through the distorted perspective of a drug user?
enter the void - 2009,Can you name a movie where the afterlife is visually explored following a police shooting incident?
enter the void - 2009,What's a movie directed by Gaspar Noé that experiments with non-linear storytelling and colorful cinematography?
the internet's own boy: the story of aaron swartz - 2014,What is a documentary about a tech prodigy who played a key role in developing RSS and Reddit?
the internet's own boy: the story of aaron swartz - 2014,Which film tells the story of an information activist's fight for social justice and its tragic end?
the internet's own boy: the story of aaron swartz - 2014,What's the film about a young programming genius and advocate for internet freedom?
nimona - 2023,What movie involves a futuristic medieval world with a knight and a shapeshifting teen?
nimona - 2023,Can you tell me the name of the film directed by Nick Bruno and Troy Quane?
nimona - 2023,I'm curious about a movie where the main character is framed for a crime and needs help from a mischievous creature. What is it called?
the club - 2015,What is a movie directed by Pablo Larraín that's set in Chile?
the club - 2015,Can you name a film about a secluded group of priests dealing with their past sins?
the club - 2015,What's a movie that features a plot involving a newcomer disturbing a group's routine?
nosso sonho - 2023,What is a recent Brazilian film about the rise of a music duo?
nosso sonho - 2023,I'm interested in a film that explores the impact of funk music in Brazil; what is its title?
nosso sonho - 2023,What movie follows the journey of Claudinho and Buchecha in the music scene?
incendies - 2010,What movie is directed by Denis Villeneuve that involves a journey to the Middle East?
incendies - 2010,Can you name a film based on Wajdi Mouawad's play that explores deep-rooted hatred and war?
incendies - 2010,What's a Canadian-French film about twins uncovering their family's history and secrets?
north by northwest - 1959,What's that thrilling espionage movie where a man is mistaken for someone else and ends up at Mt. Rushmore?
north by northwest - 1959,Can you name a film by the legendary director known for suspense that involves an ad executive caught in a spy game?
north by northwest - 1959,I'm curious about a classic movie where a case of mistaken identity leads to adventure and suspense; what is it?
andhadhun - 2018,Can you tell me the name of a movie directed by Sriram Raghavan?
andhadhun - 2018,What is a movie where a blind pianist prepares for a London concert?
andhadhun - 2018,I'm looking for a film from India featuring a surprising twist involving a pianist. What is it called?
grave of the fireflies - 1988,What movie directed by Isao Takahata is about Japanese siblings during World War II?
grave of the fireflies - 1988,Can you name a Japanese film where the plot revolves around siblings struggling to survive in wartime?
grave of the fireflies - 1988,What's a film with a powerful story set during the last days of World War II in Japan?
whisper of the heart - 1995,What movie did Yoshifumi Kondô direct?
whisper of the heart - 1995,Can you name a film where a young girl learns about life and love through unexpected book coincidences?
whisper of the heart - 1995,"Is there a movie that features a boy aspiring to become a violin maker, inspired by his grandfather's profession?"
antônia - 2006,What's a movie directed by Tata Amaral?
antônia - 2006,Can you name a film where an all-female rap group faces challenges in Sao Paulo?
antônia - 2006,"What film highlights themes of overcoming sexism, racism, and violence in Brazil?"
wind river - 2017,What's a movie that delves into a team-up between an FBI agent and a game tracker?
wind river - 2017,What's the name of the film involving a murder investigation on an Indian reservation?
wind river - 2017,"Can you name a movie that blends elements of drama and thriller, exploring justice and personal pasts?"
the babadook - 2014,What horror movie involves a mother dealing with her son's fear of a monster?
the babadook - 2014,Can you name a thriller directed by Jennifer Kent?
the babadook - 2014,Which film explores the psychological effects of a mysterious book on a family?
oldboy - 2003,Can you tell me a movie directed by Park Chan-wook with a gripping plot about revenge?
oldboy - 2003,What's a South Korean thriller involving a man being confined for years before seeking vengeance?
oldboy - 2003,Which movie involves a character being imprisoned in a room without knowing why for over a decade?
coherence - 2013,What's the movie where a dinner party encounters strange occurrences due to a cosmic event?
coherence - 2013,Which film directed by James Ward Byrkit features reality-bending events at a gathering?
coherence - 2013,Can you name a movie that involves eight friends facing bizarre events during an astronomical anomaly?
rush - 2013,Which movie directed by Ron Howard features a famous Formula 1 rivalry?
rush - 2013,What film is set during the golden age of racing in the 1970s?
rush - 2013,Can you name a movie that dramatizes the intense rivalry between drivers James Hunt and Niki Lauda?
paper moon - 1973,Can you name a movie set in the Midwest during the Great Depression?
paper moon - 1973,What's a film that features a young girl teaming up with a con artist?
paper moon - 1973,Which movie was directed by Peter Bogdanovich and involves a series of cons?
zoey's extraordinary christmas - 2021,Can you suggest a movie directed by Richard Shepard that revolves around a festive season?
zoey's extraordinary christmas - 2021,What is a family-centric film with a plot about organizing a special holiday event in memory of a loved one?
zoey's extraordinary christmas - 2021,Do you know a movie set in the United States that combines music and holiday themes?
machuca - 2004,Which film features a Marxist government in Chile as part of its storyline?
machuca - 2004,Can you name a film directed by Andrés Wood that involves childhood friendships?
machuca - 2004,What's a movie that explores socio-political themes set during Salvador Allende's presidency?
"are you there god? it's me, margaret. - 2023",What is a recent movie directed by Kelly Fremon Craig?
"are you there god? it's me, margaret. - 2023",Can you name a film about a young girl's exploration of religious identity?
"are you there god? it's me, margaret. - 2023",What movie involves a family moving from New York City to New Jersey for a fresh start?
the worst person in the world - 2021,What modern dramedy explores love and meaning in Oslo?
the worst person in the world - 2021,Which movie about Julie's life takes place over four years in Norway?
the worst person in the world - 2021,Can you name a film directed by Joachim Trier that examines personal identity?
beau is afraid - 2023,What new film by Ari Aster explores themes of anxiety and fear?
beau is afraid - 2023,Can you name a movie that involves a journey home after the protagonist's mother's death?
beau is afraid - 2023,"I'm curious about a recent movie that combines elements from the United States, United Kingdom, Finland, and Canada. What is it?"
god's crooked lines - 2022,What's a psychological thriller about a woman investigating a murder in a mental institution?
god's crooked lines - 2022,Which movie was directed by Oriol Paulo and involves a complex investigation?
god's crooked lines - 2022,"I'm curious about a European film set in a psychiatric ward, what's it called?"
grandma - 2015,What movie features a grandmother helping her granddaughter gather money before sunset?
grandma - 2015,Can you name a film directed by Paul Weitz that involves a personal quest for cash?
grandma - 2015,What is the title of the film where a granddaughter's financial need leads to unplanned visits and revelations?
minha irmã e eu - 2023,Which film features a storyline where siblings have to reconnect due to a missing family member?
minha irmã e eu - 2023,What is a Brazilian movie directed by Susana Garcia?
minha irmã e eu - 2023,Can you name a film that explores family dynamics and sisterhood when faced with a crisis?
lady chatterley's lover - 2022,What is a recent movie directed by Laure de Clermont-Tonnerre?
lady chatterley's lover - 2022,Can you name a modern film featuring a character who breaks societal norms for love?
lady chatterley's lover - 2022,Which new movie digs into themes of passion and privilege in an English setting?
"what's up, doc? - 1972","What movie features a chaotic mix of stolen jewelry, secret papers, and identical overnight bags?"
"what's up, doc? - 1972",Can you tell me the name of the movie directed by Peter Bogdanovich that involves researchers and some comedic mishaps?
"what's up, doc? - 1972",What's the comedic film where characters get entangled in a series of humorous misadventures involving a music research grant?
poor things - 2023,What is a new movie featuring a scientist bringing someone back to life?
poor things - 2023,Which recent movie was directed by the person behind 'The Favourite'?
poor things - 2023,Can you name a film involving a fantastical journey of a young woman's transformation?
the boy and the world - 2013,What animated film beautifully combines imagery and music to convey a deep message?
the boy and the world - 2013,Can you tell me about an adventure that explores the modern world's challenges through a child's perspective?
the boy and the world - 2013,Which Brazilian film by Alê Abreu addresses the dangers of globalization?
till - 2022,What movie revolves around a mother's quest for justice after her son's lynching?
till - 2022,Can you tell me the name of the film directed by Chinonye Chukwu dealing with racial injustice?
till - 2022,"Which film, set in 1955, tackles the theme of exposing systemic racism in the United States?"
orion and the dark - 2024,Which movie features a boy teaming up with a creature to explore his fears?
orion and the dark - 2024,What new film directed by Sean Charmatz might I enjoy?
orion and the dark - 2024,Can you tell me the name of a movie that blends French and American cinema about conquering fears?
the love witch - 2016,"What's a movie where a witch uses spells to find love, but it leads to chaos?"
the love witch - 2016,Can you tell me the name of a film directed by Anna Biller?
the love witch - 2016,Is there a movie that blends 1970s technicolor style with themes of female fantasy and dangerous obsession?
polite society - 2023,What recent movie involves a daring wedding heist?
polite society - 2023,Name a film directed by Nida Manzoor.
polite society - 2023,Which movie features a story about saving a sister from marriage?
jerrod carmichael: rothaniel - 2022,What's a movie with a director who's also a famous comedian?
jerrod carmichael: rothaniel - 2022,Can you name a film that explores personal revelations through humor?
jerrod carmichael: rothaniel - 2022,Which film features a performance at a renowned jazz club in New York City?
boy 23 - the forgotten boys of brazil - 2016,What's a movie directed by Belisario Franca?
boy 23 - the forgotten boys of brazil - 2016,Can you name a film that involves a historical investigation related to Nazi activities in Brazil?
boy 23 - the forgotten boys of brazil - 2016,Which movie explores the grim reality faced by boys taken from an orphanage and made slaves in early 20th century Brazil?
the baby of mâcon - 1993,Which movie is a spectacle set in a town dealing with infertility?
the baby of mâcon - 1993,What is a film directed by Peter Greenaway that involves a miraculous birth?
the baby of mâcon - 1993,"Can you name a movie that combines elements from the Netherlands, France, the UK, and Germany?"
wonka - 2023,What new movie includes a young Willy Wonka with big dreams?
wonka - 2023,Which recent film is directed by Paul King and involves chocolate?
wonka - 2023,Can you name a movie where the chocolate industry is controlled by a cartel?
an american in paris - 1951,Which Vincente Minnelli film features a struggling American painter in Paris?
an american in paris - 1951,"What movie involves a love triangle between an American painter, a French girl, and her fiancé, a cabaret singer?"
an american in paris - 1951,Can you name a romantic musical set in Paris with an American artist as the main character?
spy x family code: white - 2023,What's the new Japanese film where a secret mission and a cooking contest are involved?
spy x family code: white - 2023,Can you name a movie directed by Kazuhiro Furuhashi and Takashi Katagiri?
spy x family code: white - 2023,I'm looking for a plot where a character is trying to avoid being replaced by impressing someone with a meal. Any suggestions?
to be or not to be - 1942,What's a movie directed by Ernst Lubitsch?
to be or not to be - 1942,Can you name a film where a theater troupe is involved in espionage during World War II?
to be or not to be - 1942,What's a classic film set during the Nazi invasion of Poland?
barbarella - 1968,"Which movie features an astronaut searching for a scientist on a frozen planet in the year 40,000?"
barbarella - 1968,Can you tell me the name of a movie directed by Roger Vadim?
barbarella - 1968,What film includes a scene with a machine that causes death by excessive pleasure?
late night shopping - 2001,What film features young friends with night jobs who meet regularly in a café?
late night shopping - 2001,What's a movie set in the UK that involves night owls?
late night shopping - 2001,Is there a comedy-drama about nocturnal young adults trying to sort out their personal lives?
mulholland drive - 2001,What movie did David Lynch direct that intertwines thriller and mystery in Hollywood?
mulholland drive - 2001,Can you name a film where an aspiring actress finds herself entangled in a labyrinth of half-truths and uncovering a secret in Hollywood?
mulholland drive - 2001,Which movie involves a young director named Adam and a mysterious amnesiac woman named Rita?
tucker and dale vs evil - 2010,What horror-comedy film involves mistaken identities and hillbillies?
tucker and dale vs evil - 2010,What movie's plot involves hillbillies being mistaken for killers by college kids?
tucker and dale vs evil - 2010,Which movie was directed by Eli Craig and has a comedic horror theme?
furiosa: a mad max saga - 2024,Can you tell me about a new action movie involving a fierce female protagonist?
furiosa: a mad max saga - 2024,What's the recent movie about tyrants battling for power?
furiosa: a mad max saga - 2024,What movie explores a young woman navigating a post-apocalyptic world?
satanic panic - 2019,What new movie was directed by Chelsea Stardust?
satanic panic - 2019,What's a film about a pizza delivery story that turns into an encounter with a satanic coven?
satanic panic - 2019,Can you name a movie with a plot involving a virgin sacrifice gone wrong?
incantation - 2022,What is a recent horror film directed by Kevin Ko?
incantation - 2022,Can you name a movie where a group tries to expose superstitions and ends up facing a curse instead?
incantation - 2022,What's a Taiwanese film about a mother's attempt to lift a curse on her daughter?
tito and the birds - 2018,What Brazilian animated film involves a boy and his father searching for a cure to an unusual illness?
tito and the birds - 2018,"Can you name a movie directed by Gabriel Bitar, André Catoto, and Gustavo Steinberg?"
tito and the birds - 2018,Which movie features a plot about an illness that occurs after a fright?
hotel mumbai - 2018,Can you recommend me a movie directed by Anthony Maras?
hotel mumbai - 2018,What's a film based on a true story about a hotel under siege by terrorists?
hotel mumbai - 2018,Do you know a movie featuring a renowned chef and a heroic waiter during a crisis?
evil dead ii - 1987,Can you name a horror movie directed by Sam Raimi?
evil dead ii - 1987,What movie involves a book of evil and a secluded cabin in the woods?
evil dead ii - 1987,Is there a film that features a character named Ashley Williams fighting evil spirits?
a history of violence - 2005,What's a movie featuring a suspenseful story with themes of mistaken identity?
a history of violence - 2005,Can you tell me a film directed by David Cronenberg that explores unexpected violence?
a history of violence - 2005,Which movie has a plot about a man living a peaceful life that gets disrupted by his emergence as a local hero?
better days ahead - 1989,What is a Brazilian movie where a woman dreams of stardom and plans to move to the USA?
better days ahead - 1989,Which movie is directed by Carlos Diegues involving the dubbing of an American TV series?
better days ahead - 1989,Can you name a film where the main character struggles with a complex sentimental life while working in a dubbing studio?
creep 2 - 2017,What film should I watch if I'm interested in a thriller involving a video artist exploring themes of loneliness?
creep 2 - 2017,Can you name a movie directed by Patrick Brice that involves an intriguing encounter in a secluded forest?
creep 2 - 2017,Which movie features a character responding to an advert and finding themselves in a potentially dangerous situation?
pacarrete - 2019,Which movie features an old ballet dancer returning to her hometown for a performance?
pacarrete - 2019,Can you name a Brazilian film directed by Allan Deberton?
pacarrete - 2019,What film is about a dance performer who finds no one is interested in her show?
brooklyn - 2015,Could you tell me a movie directed by John Crowley set in the 1950s?
brooklyn - 2015,What is a film about an Irish woman who moves to Brooklyn but finds her life complicated by her past?
brooklyn - 2015,Can you name a drama that features a young woman balancing her life between the U.S. and Ireland?
"crazy, stupid, love. - 2011",What's a romantic comedy directed by Glenn Ficarra and John Requa?
"crazy, stupid, love. - 2011",Which movie involves a character named Cal who deals with a divorce?
"crazy, stupid, love. - 2011",Can you name a film where a professional bachelor helps his friend navigate single life?
the zone of interest - 2023,What is a recent drama by Jonathan Glazer?
the zone of interest - 2023,Can you recommend a film about a family living near a World War II camp?
the zone of interest - 2023,Which movie involves a plot where a couple dreams of building a life next to Auschwitz?
hunt for the wilderpeople - 2016,What movie features a national manhunt and explores themes in New Zealand?
hunt for the wilderpeople - 2016,Which film was directed by Taika Waititi that involves a problem child and reclusive country folk?
hunt for the wilderpeople - 2016,Can you name a movie where a foster child runs away after the foster mother dies?
the poughkeepsie tapes - 2007,Can you suggest a horror movie directed by John Erick Dowdle?
the poughkeepsie tapes - 2007,What movie involves finding disturbing tapes in an abandoned house?
the poughkeepsie tapes - 2007,I'm curious about a film where detectives uncover a serial killer's horrific acts through found footage. What is it called?
confessions - 2010,Can you name a Japanese drama about a teacher seeking revenge for her daughter's murder?
confessions - 2010,What's the film about a middle-school teacher facing a personal tragedy involving her students?
confessions - 2010,What's a movie that explores themes of grief and revenge set in a Japanese school?
cherry falls - 1999,What's a horror movie set in a small town with a twisted premise?
cherry falls - 1999,What's the film where a killer targets virgins in a high school?
cherry falls - 1999,Can you name a movie involving a town terrorized by a psychotic murderer?
little forest - 2018,What's a movie directed by Soon-rye Yim?
little forest - 2018,I'm curious about a film where the main character returns to their traditional village from the city. What's a good example?
little forest - 2018,Can you name a movie where a character uses their mother's garden to uncover secrets of cooking?
the bad guys - 2022,What is the movie with notorious animal criminals trying to become model citizens?
the bad guys - 2022,Can you tell me a film directed by Pierre Perifel?
the bad guys - 2022,"I'm looking for an animated movie involving characters named Mr. Wolf, Mr. Snake, and Ms. Tarantula attempting to pull off a con."
bottoms - 2023,What recent teen comedy involves starting a fight club?
bottoms - 2023,Can you name a movie directed by Emma Seligman?
bottoms - 2023,Which film features a plot where unpopular students devise an unusual plan to improve their social status?
may december - 2023,What movie did Todd Haynes direct recently?
may december - 2023,Which film explores a couple's past after twenty years of tabloid drama?
may december - 2023,Is there a recent movie about a relationship under media scrutiny that involves an actress doing research?
the hunt - 2012,What movie directed by Thomas Vinterberg involves a teacher facing false accusations?
the hunt - 2012,Which film featuring a compelling plot about a kindergarten teacher deals with themes of innocence and judgment?
the hunt - 2012,Can you name a movie that is a drama rooted in Danish storytelling?
missing - 2023,What is the name of the movie involving a digital investigation across countries?
missing - 2023,Can you tell me the film directed by Nicholas D. Johnson and Will Merrick?
missing - 2023,I'm curious about the movie where a daughter's search for her mother is complicated by international issues in Colombia.
the milk of sorrow - 2009,What's a movie involving a rare disease and a deeply personal struggle?
the milk of sorrow - 2009,Can you name a film directed by Claudia Llosa?
the milk of sorrow - 2009,Could you tell me the title of a film set in Peru that deals with themes of fear and heritage?
wicked - 2024,What is a movie reimagining the classic The Wizard of Oz from the perspective of the Wicked Witch of the West?
wicked - 2024,Can you name a movie directed by Jon M. Chu that explores the untold stories behind the characters of Oz?
wicked - 2024,"Which film features the themes of love, friendship, and trust while retelling the story of Elphaba and Glinda?"
long shot - 2019,Which recent romantic comedy involves a journalist and a politician?
long shot - 2019,What film features a childhood babysitter who becomes a diplomat?
long shot - 2019,What's the movie with a journalist who becomes a speechwriter for a presidential candidate?
challengers - 2024,What's the latest sports drama directed by Luca Guadagnino?
challengers - 2024,Which movie involves a former tennis star coaching her spouse?
challengers - 2024,Is there a film where a championship match includes a personal rivalry against an old friend?
emily the criminal - 2022,What's the movie directed by John Patton Ford involving crime in Los Angeles?
emily the criminal - 2022,Can you name a film where the protagonist gets entangled in credit card scams?
emily the criminal - 2022,"I'm curious about a crime thriller involving financial struggles, any suggestions?"
hit man - 2023,What's a recent movie involving a professor entangled in criminal activities?
hit man - 2023,Can you name a film directed by Richard Linklater that's set in the United States?
hit man - 2023,Which movie features a character who is a hit man with complex personal relationships?
malu - 2024,What film directed by Pedro Freire explores the complexities of familial relationships?
malu - 2024,Can you name a movie set in Rio de Janeiro that deals with the struggles of an unemployed actress?
malu - 2024,I'm curious about a Brazilian drama involving a mother and daughter relationship—do you know the movie?
nanna power: the story of the gloucester knitting nannas - 2021,What movie focuses on the activism of grandmothers against energy companies in Australia?
nanna power: the story of the gloucester knitting nannas - 2021,Which recent documentary film was directed by Anne Keen and Pete White?
nanna power: the story of the gloucester knitting nannas - 2021,Can you name a film about a group that formed to protest against fracking in New South Wales?
kids - 1995,"Can you recommend a dark, low-budget film about teenagers in New York City?"
kids - 1995,Which movie by Larry Clark involves a teenager with a harmful goal?
kids - 1995,What's a film where a character remains undaunted even after learning someone he was with is HIV-positive?
panic room - 2002,What's a thriller where a mother and daughter take refuge in a highly secure room from intruders?
panic room - 2002,"Can you name a movie directed by someone known for their meticulous and stylish approach to filmmaking and involves a tense, confined setting?"
panic room - 2002,What's a movie about a newly purchased house in New York with a feature designed for emergencies that becomes crucial in the storyline?
sick - 2022,What's a recent thriller set during the pandemic?
sick - 2022,What's a movie where friends isolate in a lake house to escape the pandemic?
sick - 2022,Can you name a film directed by John Hyams about a pandemic retreat?
monty python's life of brian - 1979,What movie was directed by Terry Jones and involves a character who becomes a prophet by coincidence?
monty python's life of brian - 1979,Can you name a British film featuring a comedic twist on a historical religious figure?
monty python's life of brian - 1979,I'm curious about a movie where the main character accidentally finds himself in the middle of a political resistance during Roman times. What is it called?
sleepover - 2004,What movie involves an epic scavenger hunt against popular-girl rivals?
sleepover - 2004,Which film is directed by Joe Nussbaum and features a sleepover?
sleepover - 2004,Can you name a movie about a group of friends finding love and adventure during a slumber party?
anora - 2024,Can you tell me the name of a movie directed by Sean Baker involving a cross-cultural marriage?
anora - 2024,What's a film about a stripper who marries into a wealthy Russian family?
anora - 2024,I'm curious about a new movie set in Brooklyn with elements of romance and drama. What's it called?
marcel the shell with shoes on - 2021,What's a movie directed by Dean Fleischer Camp involving a unique community in an unexpected place?
marcel the shell with shoes on - 2021,Can you name a film about a small creature featured in a creative documentary setting?
marcel the shell with shoes on - 2021,What's a recent movie that combines elements of animation and live-action to tell a heartwarming story?
the dressmaker - 2015,What's a stylish drama about revenge and haute couture?
the dressmaker - 2015,Which movie was directed by Jocelyn Moorhouse?
the dressmaker - 2015,Can you name a film where a femme fatale returns to her small hometown to settle past issues?
civil war - 2024,Can you name a film directed by Alex Garland that involves journalists?
civil war - 2024,Can you name a recent dystopian movie involving journalists traveling through a conflict-ridden United States?
civil war - 2024,I'm looking for a new movie that involves a fictional nationwide conflict. Any suggestions?
candelaria - 2017,What is a romantic film set in Cuba during the 1990s?
candelaria - 2017,Can you name a movie that explores love between older adults?
candelaria - 2017,Which film directed by Jhonny Hendrix features characters rediscovering passion later in life?
the texas chain saw massacre - 1974,What's a horror movie directed by Tobe Hooper?
the texas chain saw massacre - 1974,Can you name a film where teenagers encounter a family of cannibals?
the texas chain saw massacre - 1974,What movie involves a group visiting a desecrated grave in Texas?
anatomy of a fall - 2023,What is the French film where a woman is under suspicion for her husband's mysterious death?
anatomy of a fall - 2023,Can you name the movie directed by Justine Triet involving a family drama and a moral dilemma?
anatomy of a fall - 2023,What's the title of the film about a half-blind son who becomes a key figure in a murder investigation involving his mother?
the teachers' lounge - 2023,Can you tell me the name of a movie directed by Ilker Çatak?
the teachers' lounge - 2023,What film involves a teacher caught up in a school system conflict over a student's suspected theft?
the teachers' lounge - 2023,I'm curious about a movie that explores the challenges within an educational system in Germany and the US. What is it called?
watcher - 2022,What movie did Chloe Okuno direct involving a young woman's suspicions in Bucharest?
watcher - 2022,Can you name a thriller involving a mysterious observer and a potential serial killer set in Eastern Europe?
watcher - 2022,What's a recent movie directed by someone known for creating suspenseful atmospheres with subtle storytelling?
flow - 2024,What is a movie featuring a solitary animal teaming up with others after a disaster?
flow - 2024,Can you name a film directed by Gints Zilbalodis?
flow - 2024,Which movie includes a journey involving animals on a boat?
yentl - 1983,Which movie features a woman who disguises herself as a man to achieve her educational dreams?
yentl - 1983,What is a musical film directed by Barbra Streisand?
yentl - 1983,Can you name a film set in Eastern Europe in the early 20th century focusing on religious studies?
"rachel bloom: death, let me do my special - 2024",What is a movie that blends musical comedy with themes of life and death?
"rachel bloom: death, let me do my special - 2024",Could you tell me a film led by a director known for whimsical and reflective storytelling?
"rachel bloom: death, let me do my special - 2024",I'm looking for a comedy special by a comedian who explores cosmic uncertainty – any suggestions?
vengeance - 2022,What movie involves a New York City writer investigating a mysterious death in the southern United States?
vengeance - 2022,Can you name a film directed by B.J. Novak?
vengeance - 2022,Which recent thriller combines elements of investigation and personal relationships?
pearl - 2022,What movie showcases the struggle for fame against the backdrop of a rural farm life?
pearl - 2022,Can you name a film about a young woman striving for stardom amidst a chaotic mental state?
pearl - 2022,Which movie is set on a farm in 1918 and delves into themes of isolation and familial struggles?
dumb money - 2023,What movie directed by Craig Gillespie involves a financial market craze?
dumb money - 2023,Can you name a film about a man who invests in a video game store's stock that creates a social media frenzy?
dumb money - 2023,Which American movie is about an ordinary person causing a movement that affects billionaires?
a hard day - 2014,Which film directed by Kim Seong-hun involves a detective having a series of unfortunate events in one day?
a hard day - 2014,What movie centers around a detective who hides a victim's corpse in his mother's coffin?
a hard day - 2014,"Can you name a South Korean film released that features crime, thriller, and elements of dark comedy?"
tangerine - 2015,What unique Christmas-themed movie explores the life of a heartbroken character named Sin-Dee?
tangerine - 2015,Could you name a film directed by Sean Baker that delves into the journey of a woman confronting her cheating partner?
tangerine - 2015,What movie features a protagonist who embarks on a mission of justice despite her friend's advice to be the voice of reason?
conclave - 2024,What is the new movie directed by Edward Berger about selecting a new pope?
conclave - 2024,Which new movie revolves around a cardinal entangled in conspiracies during a significant religious event?
conclave - 2024,Can you name a recent film that explores the intrigue within a secretive ancient ceremony?
ace in the hole - 1951,Which movie had Billy Wilder in the director's chair and delves into unethical journalism?
ace in the hole - 1951,What is the title of the film where a reporter exploits a man's entrapment for media attention?
ace in the hole - 1951,Can you name a classic film that combines elements of drama and critique of media culture?
the blackening - 2022,What is a recent horror-comedy movie directed by Tim Story?
the blackening - 2022,Can you name a movie where seven friends are trapped in a cabin with a killer?
the blackening - 2022,Which United States film combines elements of horror and comedy?
the holdovers - 2023,What movie has a plot involving a history teacher staying at an empty school during Christmas break?
the holdovers - 2023,Which film directed by Alexander Payne features a boarding school setting?
the holdovers - 2023,In which movie does a teacher unexpectedly connect with a mischievous student in 1970?
the fabelmans - 2022,What recent film deals with a young filmmaker's journey in post-war America?
the fabelmans - 2022,Can you recommend a movie that explores the impact of family secrets on personal aspirations?
the fabelmans - 2022,What film did Steven Spielberg direct that revolves around adolescence and the art of filmmaking?
manas - 2024,What is a movie about a young girl's struggle in a Brazilian riverside community?
manas - 2024,Can you name a film directed by Marianna Brennand?
manas - 2024,What's a movie that involves themes of confronting violence within a family?
o quatrilho - 1995,What movie features a love triangle in a historical Brazilian setting?
o quatrilho - 1995,Which film directed by Fábio Barreto explores themes of love and betrayal?
o quatrilho - 1995,Can you name a movie about two immigrant couples where unexpected romance leads to breaking cultural norms?
toll - 2023,What film featuring a toll booth attendant involves a unique crime plot?
toll - 2023,Can you name a movie directed by Carolina Markowicz that involves international collaboration?
toll - 2023,Which recent movie involves a mother involved in crime to send her son to a controversial workshop?
straight up - 2019,"What movie involves a romantic plot where one partner is gay and the other is straight, amidst the struggles of pursuing an acting career in L.A.?"
straight up - 2019,Can you name a film directed by someone named James Sweeney?
straight up - 2019,What movie might involve themes of OCD and explores nuanced relationships beyond traditional labels in a modern setting?
new wave - 1983,What movie features a group of women forming a soccer team to stand against sexism?
new wave - 1983,Which movie did José Antonio Garcia and Ícaro Martins direct in Brazil related to soccer?
new wave - 1983,Can you name a film about women empowering themselves through sports as a stand against societal issues?
sherlock jr. - 1924,What movie involves a main character who's a projectionist with dreams of becoming a detective?
sherlock jr. - 1924,Which film directed by Buster Keaton features a dream sequence where the protagonist becomes a renowned detective?
sherlock jr. - 1924,Can you name a comedy where the protagonist's daydreams contrast with his mundane reality?
when evil lurks - 2023,What is a horror movie directed by Demián Rugna?
when evil lurks - 2023,Can you name a film where a village tries to prevent the birth of evil?
when evil lurks - 2023,What's a thriller that takes place across both Argentina and the United States?
dead talents society - 2024,What is a Taiwanese movie about ghosts seeking fame?
dead talents society - 2024,Which film directed by John Hsu involves supernatural performers?
dead talents society - 2024,Can you tell me the title of the movie where ghosts try to become urban legends?
onibaba - 1964,What's a film with a plot involving a woman using a demon mask during a civil war in 14th century Japan?
onibaba - 1964,Can you tell me a movie directed by Kaneto Shindô?
onibaba - 1964,I'm interested in a Japanese movie that explores themes of survival and revenge. Any recommendations?
dry ground burning - 2022,Can you tell me the name of a movie directed by Joana Pimenta and Adirley Queirós?
dry ground burning - 2022,What movie is set in the Brazilian federal district and involves a police operation against drug trafficking?
dry ground burning - 2022,I'm curious about a film that's a Brazil-Portugal collaboration—what is it called?
28 days later - 2002,What is a movie directed by Danny Boyle that involves an apocalypse scenario?
28 days later - 2002,Name a film that mixes elements of horror with a social commentary on humanity's primal instincts.
28 days later - 2002,Can you tell me about a movie where the main character navigates a deserted London after waking from a coma?
entrei em pânico ao saber o que vocês fizeram na sexta-feira 13 do verão passado - 2001,Which Brazilian movie features a masked killer at a graduation party?
entrei em pânico ao saber o que vocês fizeram na sexta-feira 13 do verão passado - 2001,What film involves characters dealing with a killer on a Friday the 13th?
entrei em pânico ao saber o que vocês fizeram na sexta-feira 13 do verão passado - 2001,Can you name a movie directed by Felipe M. Guerra?
sinners - 2025,What movie by Ryan Coogler features twin brothers confronting evil in their hometown?
sinners - 2025,Can you name a film involving twin brothers attempting to escape their past only to face a new danger?
sinners - 2025,"What's a recent movie blending multiple countries, focused on the theme of overcoming personal demons?"
my neighbor totoro - 1988,What is the movie featuring magical forest creatures called Totoro?
my neighbor totoro - 1988,Which film involves two sisters moving to the countryside in Japan for their mother's health?
my neighbor totoro - 1988,Can you name a movie directed by Hayao Miyazaki that's about young girls having magical adventures?
divines - 2016,What's a movie directed by Houda Benyamina that takes place in the slums?
divines - 2016,Can you tell me a film where a teenager works for a drug dealer to escape poverty?
divines - 2016,Is there a movie involving a complicated relationship between a girl and a sexy dancer?
redentor - 2004,What movies involve journalists caught in corruption scandals?
redentor - 2004,Can you suggest a film directed by Cláudio Torres?
redentor - 2004,What's a movie where a character believes they've received a divine mission?
nine queens - 2000,Can you suggest a movie directed by Fabián Bielinsky?
nine queens - 2000,What's a movie where the plot revolves around con artists trying to sell forged rare stamps?
nine queens - 2000,Do you know of an Argentinian film with a twisty plot involving swindlers and deceit?
"4 months, 3 weeks and 2 days - 2007",What movie directed by Cristian Mungiu deals with a controversial topic in a communist regime?
"4 months, 3 weeks and 2 days - 2007",Can you name a film set in 1987 Romania that tackles the harsh realities of illegal abortion?
"4 months, 3 weeks and 2 days - 2007",I'm curious about a movie that involves a friend's desperate attempt to help with an unwanted pregnancy against a backdrop of political oppression. What is it called?
son of the bride - 2001,What's a movie directed by Juan José Campanella?
son of the bride - 2001,Can you suggest a film where a character deals with life crises and heart attacks?
son of the bride - 2001,Which movie combines elements from both Argentina and Spain?
meiyazhagan - 2024,What is a Tamil-language drama directed by C. Prem Kumar?
meiyazhagan - 2024,Which movie features a man's life changing after meeting someone from his hometown?
meiyazhagan - 2024,Can you name a film that mixes gentle scenes with occasional sporting threat and violence?
menino maluquinho: o filme - 1995,What is the movie directed by Helvécio Ratton about a cheerful young boy?
menino maluquinho: o filme - 1995,Which movie adaptation involves a character from a book by Brazilian cartoonist Ziraldo?
menino maluquinho: o filme - 1995,What film portrays a story set in a city during the 1960s with a happy-go-lucky child protagonist?
the bad guys 2 - 2025,What's a recent crime comedy involving a team trying to balance their new moral standing with a last big heist?
the bad guys 2 - 2025,Which movie directed by Pierre Perifel and JP Sans features a mix of ethical dilemmas and action?
the bad guys 2 - 2025,Can you name a sequel where a previously bad gang is drawn back into their old ways by a group of women?
rend your heart - 2018,What's a Brazilian political drama that critiques generational differences within families?
rend your heart - 2018,What movie adapts a play focusing on a militant's reflection on his past amidst personal and political turmoil?
rend your heart - 2018,Can you name a film that showcases 40 years of Brazilian political history through a familial lens?
after lucia - 2012,What is a movie directed by Michel Franco that might be a drama?
after lucia - 2012,What film involves a storyline about a family trying to start over in a new town?
after lucia - 2012,Can you name a movie from the collaboration between Mexico and France that might deal with family challenges?
dead alive - 1992,What's a horror comedy directed by the same person who later created 'The Lord of the Rings'?
dead alive - 1992,Can you name a movie set in New Zealand involving a zombie outbreak initiated by a monkey bite?
dead alive - 1992,I'm looking for a film about a bachelor's struggle against a basement full of zombies that also deals with family secrets. What's it called?
ernest & celestine - 2012,What animated movie involves an unlikely friendship between a bear and a mouse?
ernest & celestine - 2012,Which film features a plot where characters overcome societal prejudices to pursue their friendship?
ernest & celestine - 2012,"Can you name a movie directed by Stéphane Aubier, Vincent Patar, and Benjamin Renner?"
meu tio matou um cara - 2004,What's the name of the movie where a boy investigates a murder to help his uncle clear his name?
meu tio matou um cara - 2004,Can you tell me a Brazilian film directed by Jorge Furtado involving a mystery and a personal investigation?
meu tio matou um cara - 2004,What movie features a storyline with a young detective working to support his uncle's innocence in a legal case?
when marnie was there - 2014,What is a Japanese movie about a mysterious friendship?
when marnie was there - 2014,Which movie directed by Hiromasa Yonebayashi involves a protagonist meeting an unexpected friend?
when marnie was there - 2014,Can you name a film where a girl meets someone who might be more connected to her than it seems?
the secret world of arrietty - 2010,What's a movie directed by Hiromasa Yonebayashi?
the secret world of arrietty - 2010,What's a film where tiny people live secretly and borrow from humans?
the secret world of arrietty - 2010,Can you name a Japanese movie that features a young girl discovered by a human?
radical - 2023,What is the movie directed by Christopher Zalla about a teacher trying a unique method to inspire students?
radical - 2023,Can you tell me the film that explores education in a town filled with corruption and violence?
radical - 2023,Which movie involves a plot set in a Mexican border town focusing on unlocking students' potential?
the invisible guest - 2016,What is a film where a high-stakes legal consultation reveals more about the protagonist's dark past?
the invisible guest - 2016,Can you name a Spanish movie with a gripping plot involving a mysterious hotel room death and corporate intrigue?
the invisible guest - 2016,Which film is directed by Oriol Paulo and features a complex narrative involving secrets and possible manipulations?
i'm still here - 2024,What's a movie directed by Walter Salles featuring a political theme?
i'm still here - 2024,Can you name a film set during the Brazilian military dictatorship with a strong female character?
i'm still here - 2024,What's the name of a drama that reflects on the challenges faced by a woman's family due to political turmoil?
"sex, lies, and videotape - 1989",What movie features a story about a woman dealing with sexual repression and its effect on her marriage?
"sex, lies, and videotape - 1989","Which film is both a collaboration between the United States and the United Kingdom, and directed by Steven Soderbergh?"
"sex, lies, and videotape - 1989",Can you name the movie where a man's method of dealing with emotional and sexual problems impacts a couple and their circle?
